{
  "employees": [
    {
      "firstName": "Cassie",
      "lastName" : "Ristovski",
      "email" : "cassie@ristovski.com",
      "phone" : "313-555-5555",
      "employee_id" : "001"
    },
    {
      "firstName": "Steve",
      "lastName" : "Ristovski",
      "email" : "steve@ristovski.com",
      "phone" : "313-555-5556",
      "employee_id" : "002"
    },
    {
      "firstName": "Alisa",
      "lastName" : "Pullum",
      "email" : "alisa@pullum.com",
      "phone" : "313-555-5557",
      "employee_id" : "003"
    },
    {
      "firstName": "Alex",
      "lastName" : "Vlad",
      "email" : "alex@vlad.com",
      "phone" : "313-555-5558",
      "employee_id" : "004"
    },
    {
      "firstName": "Emma",
      "lastName" : "Green",
      "email" : "emma@green.com",
      "phone" : "313-555-5559",
      "employee_id" : "005"
    }
  ]
}
