{
  "employees": [
    {
      "firstName": "Tanner",
      "lastName" : "Snyder",
      "color" : "Blue",
      "food" : "Tacos",
      "age" : "19"
    },
    {
      "firstName": "Adam",
      "lastName" : "Ismail",
      "color" : "Green",
      "food" : "Lasagna",
      "age" : "20"
    },
    {
      "firstName": "Chase",
      "lastName" : "idk",
      "color" : "turquoise",
      "food" : "Nachos",
      "age" : "idk"
    },
    {
      "firstName": "Cassie",
      "lastName" : "dakf;dhkf",
      "color" : "purple",
      "food" : "burritos",
      "age" : "idk"
    },
    {
      "firstName": "Alexander",
      "lastName" : "The Great",
      "color" : "Red",
      "food" : "Your Enemies",
      "age" : "26"
    }
  ]
}