{
  "employees": [
    {
      "firstName": "Cassie",
      "middleName": "Lyn",
      "lastName" : "Ristovski",
      "job": "lame",
      "gender": "Female"
    },
    {
      "firstName": "Steve",
      "middleName": "Patrick",
      "lastName" : "Ristovski",
      "job": "McDonalds Specialist",
      "gender": "Male"
    },
    {
      "firstName": "Steve1",
      "middleName": "Patrick",
      "lastName" : "Ristovski",
      "job": "McDonalds Developer",
      "gender": "Male"
    },
    {
      "firstName": "Steve2",
      "middleName": "Patrick",
      "lastName" : "Ristovski",
      "job": "McDonalds Engineer",
      "gender": "Male"
    },
    {
      "firstName": "Steve3",
      "middleName": "Patrick",
      "lastName" : "Ristovski",
      "job": "McDonalds Architect",
      "gender": "Male"
    }
  ]
}