{
  "employees": [
    {
      "firstName": "Cassie",
      "lastName" : "Ristovski",
      "email": "cristovski@yahoo.com",
      "phoneNumber": "414-256-1274",
      "idNumber": "cristov"
    },
    {
      "firstName": "Steve",
      "lastName" : "Ristovski",
      "email": "sristovski@yahoo.com",
      "phoneNumber": "414-246-1784",
      "idNumber": "sristov"
    },
    {
      "firstName": "Kayla",
      "lastName" : "Rebain",
      "email": "krebain@yahoo.com",
      "phoneNumber": "515-246-1384",
      "idNumber": "krebain"
    },
    {
      "firstName": "Amadou",
      "lastName" : "Cisse",
      "email": "acisse@yahoo.com",
      "phoneNumber": "414-782-1784",
      "idNumber": "acisse"
    },
    {
      "firstName": "Zoey",
      "lastName" : "Fox",
      "email": "zfox@yahoo.com",
      "phoneNumber": "313-546-4784",
      "idNumber": "zfox"
    }
  ]
}
