{
  "employees": [
    {
      "firstName": "Mercy",
      "lastName" : "Brinkerhoff",
      "color" : "purple",
      "food" : "ice cream",
      "age" : "19"
    },
    {
      "firstName": "fatema",
      "lastName" : "fakih",
      "color" : "yellow",
      "food" : "Pasta",
      "age" : "20"
    },
    {
      "firstName": "Alaa",
      "lastName" : "Jaber",
      "color" : "Blue",
      "food" : "Nachos",
      "age" : "20"
    },
    {
      "firstName": "Sally",
      "lastName" : "Twix",
      "color" : "red",
      "food" : "pizza",
      "age" : "18"
    },
    {
      "firstName": "Chelsey",
      "lastName" : "Washington",
      "color" : "green",
      "food" : "chicken",
      "age" : "21"
    }
  ]
}
