{
  "employees": [
    {
      "firstName": "Cassie",
      "lastName" : "Ristovski",
      "email":"abc1234@gmail.com",
      "phone": "7349655423",
      "brand":"Apple"
    },
    {
      "firstName": "Casstie",
      "lastName" : "Ristosko",
      "email":"abc123@gmail.com",
      "phone": "7343655423",
      "brand":"Android"
    },
    {
      "firstName": "Cass",
      "lastName" : "Rist",
      "email":"abc125@gmail.com",
      "phone": "7344655423",
      "brand":"Windows"
    },
    {
      "firstName": "Cassi",
      "lastName" : "Tovski",
      "email":"abh123@gmail.com",
      "phone": "7344655483",
      "brand":"Android"
    },
    {
      "firstName": "Cam",
      "lastName" : "Listovski",
      "email":"abt123@gmail.com",
      "phone": "7344655429",
      "brand":"Apple"
    }
  ]
}
